﻿{
"spider":"./999.jar",
"lives":[
{
"name":"白虎",
"type":0,
"url":"clan://localhost/6758/白虎/FL.txt",
"playerType":1,
"ua":"okhttp/3.15",
"epg":"https://diyp10.112114.xyz/",
"logo":"https://gd-hbimg.huaban.com/ca8b4e7379e601bca6eb21c33c1994e59e991b481ec6c7-RbvXmL_fw658"
}
],
"sites":[
{
"key":"乐播资源",
"name":"🈲🔞🐯白虎视频",
"type":0,
"api":"https://lbapi9.com/api.php/provide/vod/at/xml",
"searchable":1,
"quickSearch":1,
"filterable":1
},
{
"key":"美少女资源",
"name":"🔞美少女资源",
"type":0,
"api":"https://www.msnii.com/api/xml.php",
"searchable":1,
"quickSearch":1,
"filterable":1
},
{
"key":"淫水机资源",
"name":"🔞淫水机资源",
"type":0,
"api":"https://www.xrbsp.com/api/xml.php",
"searchable":1,
"quickSearch":1,
"filterable":1
},
{
"key":"Cg51",
"name":"🔞吃瓜|图密√",
"type":3,
"api":"csp_Cg51",
"searchable":1,
"filterable":1
},
{
"key":"MiMei",
"name":"🔞迷妹|珍惜",
"type":3,
"api":"csp_MiMei",
"searchable":1,
"filterable":1
},
{
"key":"ROU223",
"name":"🔞爱视频",
"type":3,
"api":"csp_ROU223",
"searchable":0,
"filterable":1
},
{
"key":"HiPianZhiBo",
"name":"🔞嗨片直播|视频",
"type":3,
"api":"csp_HiPianZhiBo",
"searchable":1,
"filterable":1
},
{
"key":"美少女",
"name":"🔞美少女",
"type":0,
"api":"https://www.msnii.com/api/xml.php",
"searchable":1,
"quickSearch":1,
"filterable":1
},
{
"key":"*淫水机资源",
"name":"🔞淫水机",
"type":0,
"api":"https://www.xrbsp.com/api/xml.php",
"searchable":1,
"quickSearch":1,
"filterable":0
},
{
"key":"*美少女资源",
"name":"🔞美少女资源",
"type":0,
"api":"https://www.msnii.com/api/xml.php",
"searchable":1,
"quickSearch":1,
"filterable":0
},
{
"key":"*KK写真资源",
"name":"🔞KK写真资源-伦理",
"type":1,
"api":"https://kkzy.me/api.php/provide/vod/",
"searchable":1,
"quickSearch":1,
"filterable":0
},
{
"key":"zp059",
"name":"🔞番号资源",
"type":0,
"api":"http://fhapi9.com/api.php/provide/vod/at/xml",
"searchable":1,
"quickSearch":1,
"filterable":0
},
{
"key":"zp100",
"name":"🔞乐播",
"type":0,
"api":"https://lbapi9.com/api.php/provide/vod/at/xml/",
"searchable":1,
"quickSearch":1,
"filterable":0
},
{
"key":"zp123",
"name":"🔞色猫资源（慢）",
"type":0,
"api":"https://api.maozyapi.com/inc/api.php/provide/vod/at/xml/",
"searchable":1,
"quickSearch":1,
"filterable":0
},
{
"key":"*乐播资源",
"name":"🔞乐播资源",
"type":1,
"api":"https://lbapi9.com/api.php/provide/vod/",
"searchable":1,
"quickSearch":0,
"filterable":0
},
{
"key":"zp137",
"name":"🔞探探资源（慢）",
"type":0,
"api":"https://apittzy.com/api.php/provide/vod/at/xml/",
"playUrl":"https://jiexi.ttbfp1.com/m3u8/?url=",
"searchable":1,
"quickSearch":1,
"filterable":0
},
{
"key":"💞美少女资源💞",
"name":"💞美少女资源💞",
"type":0,
"api":"https://www.msnii.com/api/xml.php",
"searchable":0,
"quickSearch":0
},
{
"key":"💞番号资源💞",
"name":"💞番号资源💞",
"type":1,
"api":"http://fhapi9.com/api.php/provide/vod/",
"searchable":0,
"quickSearch":0
},
{
"key":"💞探探资源💞",
"name":"💞探探资源💞",
"type":1,
"api":"https://apittzy.com/api.php/provide/vod/",
"searchable":0,
"quickSearch":0
},
{
"key":"💞乐播资源💞",
"name":"💞乐播资源💞",
"type":1,
"api":"https://lbapi9.com/api.php/provide/vod/",
"searchable":0,
"quickSearch":0
},
{
"key":"💞大地资源💞",
"name":"💞大地资源💞",
"type":0,
"api":"https://dadiapi.com/api.php",
"searchable":0,
"quickSearch":0
},
{
"key":"💞香奶儿资源💞",
"name":"💞香奶儿资源💞",
"type":0,
"api":"https://www.gdlsp.com/api/xml.php",
"searchable":0,
"quickSearch":0
},
{
"key":"pwd_袜子",
"name":"袜子",
"type":0,
"api":"https://www.msnii.com/api/xml.php",
"searchable":0,
"quickSearch":0
},
{
"key":"💞白嫖资源💞",
"name":"💞白嫖资源💞",
"type":0,
"api":"https://www.kxgav.com/api/xml.php",
"searchable":0,
"quickSearch":0
},
{
"key":"*AIvin",
"name":"AIvin",
"type":0,
"api":"http://lbapiby.com/api.php/provide/vod/at/xml"
},
{
"key":"番号资源",
"name":"番号资源(卡切)",
"type":1,
"api":"http://fhapi9.com/api.php/provide/vod/at/json",
"searchable":1,
"quickSearch":1
},
{
"key":"探探资源",
"name":"探探资源(切)",
"type":1,
"api":"https://apittzy.com/api.php/provide/vod",
"searchable":1,
"quickSearch":1
},
{
"key":"💞淫水机资源💞",
"name":"💞淫水机资源💞",
"type":0,
"api":"https://www.xrbsp.com/api/xml.php",
"searchable":0,
"quickSearch":0
},
{
"key":"Sm",
"name":"Sm",
"type":0,
"api":"https://api.maozyapi.com/inc/api.php"
},
{
"key":"💞色猫资源💞",
"name":"💞色猫资源💞",
"type":1,
"api":"https://api.maozyapi.com/inc/apijson_vod.php",
"searchable":0,
"quickSearch":0
},
{
"key":"*美少女",
"name":"*美少女",
"type":0,
"api":"https://www.msnii.com/api/xml.php",
"searchable":1,
"quickSearch":1,
"filterable":1
},
{
"key":"*9号资源",
"name":"*9号资源",
"type":0,
"api":"http://fhapi9.com/api.php/provide/vod/at/xml/",
"searchable":1,
"quickSearch":1,
"filterable":0
},
{
"key":"(18+)乐播",
"name":"(18+)乐播",
"type":0,
"api":"https://lbapi9.com/api.php/provide/vod/at/xml",
"searchable":1,
"quickSearch":1,
"filterable":0
},
{
"key":"(18+)S猫资源",
"name":"(18+)S猫资源",
"type":0,
"api":"https://api.maozyapi.com/inc/api.php",
"searchable":1,
"quickSearch":1,
"filterable":0
},
{
"key":"*Sm",
"name":"*Sm",
"type":0,
"api":"https://api.maozyapi.com/inc/api.php"
},
{
"key":"*探探",
"name":"*探探",
"type":0,
"api":"https://apittzy.com/api.php/provide/vod/at/xml",
"playUrl":"https://jiexi.ttbfp1.com/m3u8/?url="
},
{
"key":"*乐播",
"name":"*乐播",
"type":0,
"api":"https://lbapi9.com/api.php/provide/vod/at/xml"
},
{
"key":"*白嫖",
"name":"*白嫖",
"type":0,
"api":"https://www.kxgav.com/api/xml.php"
},
{
"key":"*探探资源",
"name":"*探探资源",
"type":1,
"api":"https://apittzy.com/api.php/provide/vod/",
"searchable":0,
"quickSearch":0
},
{
"key":"*JAV名优",
"name":"*JAV名优",
"type":0,
"api":"http://mygzycj.com/api.php?ac=list"
},
{
"key":"*美少女资源",
"name":"*美少女资源",
"type":0,
"api":"https://www.msnii.com/api/xml.php",
"searchable":0,
"quickSearch":0
},
{
"key":"*番号资源",
"name":"*番号资源",
"type":1,
"api":"http://fhapi9.com/api.php/provide/vod/",
"searchable":0,
"quickSearch":0
},
{
"key":"*9号资源",
"name":"*9号资源",
"type":0,
"api":"http://fhapi9.com/api.php/provide/vod/at/xml/",
"searchable":1,
"quickSearch":1,
"filterable":0
},
{
"key":"*色猫资源",
"name":"*色猫资源",
"type":1,
"api":"https://api.maozyapi.com/inc/apijson_vod.php",
"searchable":0,
"quickSearch":0
},
{
"key":"*番号",
"name":"*番号",
"type":1,
"api":"http://fhapi9.com/api.php/provide/vod/"
},
{
"key":"*美少女",
"name":"*美少女",
"type":0,
"api":"https://www.msnii.com/api/xml.php",
"searchable":1,
"quickSearch":1,
"filterable":1
},
{
"key":"*乐播资源",
"name":"*乐播资源",
"type":1,
"api":"https://lbapi9.com/api.php/provide/vod/",
"searchable":0,
"quickSearch":0
},
{
"key":"*老鸭资源",
"name":"*老鸭资源",
"type":1,
"api":"https://api.apilyzy.com/api.php/provide/vod/",
"searchable":0,
"quickSearch":0
},
{
"key":"*饮水机",
"name":"*饮水机",
"type":0,
"api":"https://www.xrbsp.com/api/xml.php",
"searchable":1,
"quickSearch":1,
"filterable":1
},
{
"key":"gdlsE",
"name":"香奶儿资源",
"type":0,
"api":"https://www.gdlsp.com/api/xml.php",
"searchable":1,
"quickSearch":1,
"filterable":1
},
{
"key":"*白嫖",
"name":"*白嫖",
"type":0,
"api":"https://www.kxgav.com/api/xml.php"
},
{
"key":"*白嫖资源",
"name":"*白嫖资源",
"type":0,
"api":"https://www.kxgav.com/api/xml.php",
"searchable":0,
"quickSearch":0
},
{
"key":"*黄AV",
"name":"*黄AV",
"type":0,
"api":"https://www.pgxdy.com/api/xml.php"
},
{
"key":"*淫水机资源",
"name":"*淫水机资源",
"type":0,
"api":"https://www.xrbsp.com/api/xml.php",
"searchable":0,
"quickSearch":0
},
{
"key":"*香奶儿",
"name":"*香奶儿",
"type":0,
"api":"https://www.gdlsp.com/api/xml.php"
},
{
"key":"*香奶儿资源",
"name":"*香奶儿资源",
"type":0,
"api":"https://www.gdlsp.com/api/xml.php",
"searchable":0,
"quickSearch":0
},
{
"key":"maozyapi",
"name":"*色猫",
"type":0,
"api":"https://api.maozyapi.com/inc/api.php/provide/vod/at/xml/",
"playUrl":"https://jx.kujiexi.net/m3u8.php?url=",
"searchable":1,
"quickSearch":1,
"filterable":0
},
{
"key":"xrbsp.com",
"name":"成人01",
"type":0,
"api":"https://www.xrbsp.com/api/xml.php",
"quickSearch":1,
"searchable":1,
"filterable":1
},
{
"key":"dadiapi.com",
"name":"成人02",
"type":0,
"api":"http://dadiapi.com/api.php",
"quickSearch":1,
"searchable":1,
"filterable":1
},
{
"key":"gdlsp.com",
"name":"成人03",
"type":0,
"api":"https://www.gdlsp.com/api/xml.php",
"quickSearch":1,
"searchable":1,
"filterable":1
},
{
"key":"kkzy.me",
"name":"成人04",
"type":1,
"api":"https://kkzy.me/api.php/provide/vod/",
"quickSearch":1,
"searchable":1,
"filterable":1
},
{
"key":"api.apilyzy.com",
"name":"成人05",
"type":1,
"api":"https://api.apilyzy.com/api.php/provide/vod/",
"quickSearch":1,
"searchable":1,
"filterable":1
},
{
"key":"kxgav.com",
"name":"成人06",
"type":0,
"api":"https://www.kxgav.com/api/xml.php",
"quickSearch":1,
"searchable":1,
"filterable":1
},
{
"key":"msnii.com",
"name":"成人07",
"type":0,
"api":"https://www.msnii.com/api/xml.php",
"quickSearch":1,
"searchable":1,
"filterable":1
},
{
"key":"apittzy.com",
"name":"成人47",
"type":1,
"api":"https://apittzy.com/api.php/provide/vod/",
"quickSearch":1,
"searchable":1,
"filterable":1
},
{
"key":"api.maozyapi.com",
"name":"成人08",
"type":1,
"api":"https://api.maozyapi.com/inc/apijson_vod.php",
"quickSearch":1,
"searchable":1,
"filterable":1
},
{
"key":"lbapi9.com",
"name":"成人09",
"type":1,
"api":"https://lbapi9.com/api.php/provide/vod/",
"quickSearch":1,
"searchable":1,
"filterable":1
}
],
"parses":[
{
"name":"解析聚合",
"type":3,
"url":"Demo"
},
{
"name":"Json并发",
"type":2,
"url":"Parallel"
},
{
"name":"Json轮询",
"type":2,
"url":"Sequence"
},
{
"name":"爱心笔记本",
"type":4,
"url":"http://119.91.123.253:2345/Api/yun.php?url="
},
{
"name":"魏晓芳",
"type":1,
"url":"https://svip.renrenmi.cc:2222/api/?key=ogGC18CjsACNo60r3E&url="
},
{
"name":"fuqi",
"type":1,
"url":"https://play.fuqizhishi.com/maotv/API.php?appkey=xiongdimenbieguaiwodingbuzhulegailekey07201538&url="
},
{
"name":"盘古",
"type":0,
"url":"https://www.m3u8.tv.cdn.8old.cn/jx.php?url="
},
{
"name":"左岸",
"type":1,
"url":"http://110.42.2.115:880/analysis/json/?uid=2100&my=fgjnoqstLMRUZ03489&url=",
"ext":{
"flag":[
"qq",
"qiyi",
"mgtv",
"youku",
"letv",
"sohu",
"xigua",
"1905",
"优播线路",
"腾播线路"
],
"header":{
"User-Agent":"Dart/2.14(dart:io)"
}
}
},
{
"name":"太空",
"type":1,
"url":"http://124.222.68.182/jiexi/4kJX.php/?url=",
"ext":{
"flag":[
"qq",
"腾讯",
"qiyi",
"爱奇艺",
"奇艺",
"youku",
"优酷",
"sohu",
"搜狐",
"letv",
"乐视",
"mgtv",
"芒果",
"CL4K",
"renrenmi",
"ltnb",
"bilibili",
"1905",
"xigua"
]
}
},
{
"name":"未知",
"type":1,
"url":"http://106.52.218.221:88/?url=",
"ext":{
"flag":[
"qq",
"腾讯",
"qiyi",
"爱奇艺",
"奇艺",
"youku",
"优酷",
"mgtv",
"芒果",
"letv",
"乐视",
"pptv",
"PPTV",
"sohu",
"bilibili",
"哔哩哔哩",
"哔哩"
]
}
},
{
"name":"随便1",
"type":1,
"url":"http://cl.yjhan.com:8090/home/api?type=ys&uid=821518&key=aghlmnyBFIJMPRX489&url="
},
{
"name":"随便2",
"type":1,
"url":"https://www.nfjx.xyz/home/api?type=ys&uid=5767995&key=ijkmovxDEHIJPQRW69&url="
},
{
"name":"LTRX",
"type":1,
"url":"https://svip.spchat.top/api/?type=ys&key=bKemW41JnxmQb4l67h&url=",
"ext":{
"flag":[
"rx"
]
}
},
{
"name":"OJBK",
"type":0,
"url":"https://jmwl.qd234.cn/v/?v=",
"ext":{
"flag":[
"ltnb",
"renrenmi",
"rx",
"xfyun",
"muxm3u8",
"xigua",
"xueren",
"qq",
"腾讯",
"qiyi",
"爱奇艺",
"奇艺",
"youku",
"优酷",
"mgtv",
"芒果",
"bilibili",
"哔哩哔哩",
"哔哩",
"pptv",
"PPTV",
"sohu",
"letv"
]
}
},
{
"name":"parwix1",
"type":0,
"url":"https://jx.parwix.com:4433/player/?url=",
"ext":{
"flag":[
"qq",
"腾讯",
"qiyi",
"爱奇艺",
"奇艺",
"youku",
"优酷",
"mgtv",
"芒果",
"letv",
"乐视",
"pptv",
"PPTV",
"sohu",
"bilibili",
"哔哩哔哩",
"哔哩"
]
}
},
{
"name":"parwix2",
"type":0,
"url":"https://jx.parwix.com:4433/player/analysis.php?v=",
"ext":{
"flag":[
"qq",
"腾讯",
"qiyi",
"爱奇艺",
"奇艺",
"youku",
"优酷",
"mgtv",
"芒果",
"letv",
"乐视",
"pptv",
"PPTV",
"sohu",
"bilibili",
"哔哩哔哩",
"哔哩"
]
}
},
{
"name":"线路m9",
"type":1,
"url":"https://api.m3u8.tv:5678/home/api?type=ys&uid=1931000&key=gktuvyzABEORSYZ135&url="
},
{
"name":"线路NX",
"type":1,
"url":"https://vip.nxflv.com/home/api?uid=701203&key=bltuyCEFKLTX013679&url="
},
{
"name":"①秒播",
"type":1,
"url":"https://jx.hfyrw.com/mao.go?url="
},
{
"name":"②秒播",
"type":1,
"url":"http://27.124.4.42:4567/jhjson/ceshi.php?url=",
"ext":{
"flag":[
"qiyi",
"qq",
"letv",
"sohu",
"youku",
"mgtv",
"bilibili",
"wasu",
"xigua",
"1905"
]
}
},
{
"name":"③秒播",
"url":"http://81.71.48.249:4456/jsonc/293shipin.php?url=",
"type":1,
"i":"77",
"ext":{
"flag":[
"qiyi",
"爱奇艺",
"奇艺",
"qq",
"腾讯",
"youku",
"优酷",
"pptv",
"PPTV",
"letv",
"乐视",
"bilibili",
"哔哩哔哩",
"哔哩",
"mgtv",
"芒果"
]
}
},
{
"name":"④秒播",
"type":1,
"url":"http://106.55.234.91:4433/?url=",
"ext":{
"flag":[
"qiyi",
"qq",
"letv",
"sohu",
"youku",
"mgtv",
"bilibili",
"wasu",
"xigua",
"1905"
]
}
},
{
"name":"⑤秒播",
"type":1,
"url":"http://81.71.48.249:4456/jsonc/longxia.php?url=",
"ext":{
"flag":[
"qq",
"qiyi",
"mgtv",
"youku",
"letv",
"sohu",
"xigua",
"1905"
],
"header":{
"User-Agent":"Dart/2.14(dart:io)"
}
}
},
{
"name":"⑦秒播",
"type":1,
"url":"https://app.okmedcos.com/4k/?url="
},
{
"name":"⑧秒播",
"type":1,
"url":"https://jie.1z1.cc/api/?key=HdMmTMfyf1uTOQUL0b&url="
},
{
"name":"Pro",
"type":1,
"url":"http://api.vip123kan.vip/?url=",
"ext":{
"flag":[
"youku",
"优酷",
"mgtv",
"芒果",
"qq",
"腾讯",
"qiyi",
"爱奇艺",
"qq",
"奇艺"
]
}
},
{
"name":"2",
"type":1,
"url":"https://jx.mczdyw.com/xg.php?url=",
"ext":{
"flag":[
"mgtv",
"芒果"
]
}
},
{
"name":"3",
"type":1,
"url":"https://www.aiaine.com/api/?key=kVqmG5dAQ5dZTcECw8&url=",
"ext":{
"flag":[
"youku",
"优酷",
"mgtv",
"芒果",
"qq",
"腾讯",
"qiyi",
"爱奇艺",
"qq",
"奇艺"
]
}
},
{
"name":"4",
"type":1,
"url":"https://svip.rongxingvr.top/api/?key=niBgMGXVdCQhsmeEBK&url=",
"ext":{
"flag":[
"youku",
"优酷",
"mgtv",
"芒果",
"qq",
"腾讯",
"qiyi",
"爱奇艺",
"qq",
"奇艺"
]
}
},
{
"name":"8",
"type":1,
"url":"https://app.iminna.com/jx/?url=",
"ext":{
"flag":[
"youku",
"优酷",
"mgtv",
"芒果",
"qq",
"腾讯",
"qiyi",
"爱奇艺",
"qq",
"奇艺"
]
}
},
{
"name":"飓风影院2",
"type":1,
"url":"https://vvip.funsline.cn/api/?key=3xWfEoDf4V9p9Y20CR&url=",
"ext":{
"flag":[
"ziqie",
"youku",
"优酷",
"qiyi",
"爱奇艺",
"奇艺",
"mgtv",
"芒果",
"qq",
"腾讯"
]
}
},
{
"name":"我爱电影网",
"type":1,
"url":"https://jhpc.manduhu.com/j1217.php?url=",
"ext":{
"flag":[
"qiyi",
"爱奇艺",
"奇艺",
"mgtv",
"芒果",
"youku",
"优酷",
"pptv",
"PPTV"
]
}
},
{
"name":"王牌",
"type":1,
"url":"https://za.kuanjv.com/?url=",
"ext":{
"flag":[
"qq",
"腾讯",
"qiyi",
"爱奇艺",
"奇艺",
"youku",
"优酷",
"mgtv",
"芒果",
"搜狐",
"sohu",
"letv",
"乐视",
"bilibili",
"哔哩哔哩",
"哔哩",
"xigua",
"西瓜"
]
}
},
{
"name":"盘古解析",
"type":1,
"url":"https://json.pangujiexi.com:12345/json.php?url=",
"ext":{
"flag":[
"qq",
"腾讯",
"qiyi",
"爱奇艺",
"奇艺",
"youku",
"优酷",
"mgtv",
"芒果"
]
}
},
{
"name":"欢雨",
"type":1,
"url":"http://www.youhuifuligou.com/json/?id=7&url=",
"ext":{
"flag":[
"qq",
"腾讯",
"qiyi",
"爱奇艺",
"奇艺",
"youku",
"优酷",
"letv",
"乐视",
"xigua",
"西瓜"
]
}
}
],
"flags":[
"youku",
"qq",
"iqiyi",
"qiyi",
"letv",
"sohu",
"tudou",
"pptv",
"mgtv",
"wasu",
"bilibili",
"renrenmi"
],
"ijk":[
{
"group":"软解码",
"options":[
{
"category":4,
"name":"opensles",
"value":"0"
},
{
"category":4,
"name":"overlay-format",
"value":"842225234"
},
{
"category":4,
"name":"framedrop",
"value":"1"
},
{
"category":4,
"name":"soundtouch",
"value":"1"
},
{
"category":4,
"name":"start-on-prepared",
"value":"1"
},
{
"category":1,
"name":"http-detect-range-support",
"value":"0"
},
{
"category":1,
"name":"fflags",
"value":"fastseek"
},
{
"category":2,
"name":"skip_loop_filter",
"value":"48"
},
{
"category":4,
"name":"reconnect",
"value":"1"
},
{
"category":4,
"name":"enable-accurate-seek",
"value":"0"
},
{
"category":4,
"name":"mediacodec",
"value":"0"
},
{
"category":4,
"name":"mediacodec-auto-rotate",
"value":"0"
},
{
"category":4,
"name":"mediacodec-handle-resolution-change",
"value":"0"
},
{
"category":4,
"name":"mediacodec-hevc",
"value":"0"
},
{
"category":1,
"name":"dns_cache_timeout",
"value":"600000000"
}
]
},
{
"group":"硬解码",
"options":[
{
"category":4,
"name":"opensles",
"value":"0"
},
{
"category":4,
"name":"overlay-format",
"value":"842225234"
},
{
"category":4,
"name":"framedrop",
"value":"1"
},
{
"category":4,
"name":"soundtouch",
"value":"1"
},
{
"category":4,
"name":"start-on-prepared",
"value":"1"
},
{
"category":1,
"name":"http-detect-range-support",
"value":"0"
},
{
"category":1,
"name":"fflags",
"value":"fastseek"
},
{
"category":2,
"name":"skip_loop_filter",
"value":"48"
},
{
"category":4,
"name":"reconnect",
"value":"1"
},
{
"category":4,
"name":"enable-accurate-seek",
"value":"0"
},
{
"category":4,
"name":"mediacodec",
"value":"1"
},
{
"category":4,
"name":"mediacodec-auto-rotate",
"value":"1"
},
{
"category":4,
"name":"mediacodec-handle-resolution-change",
"value":"1"
},
{
"category":4,
"name":"mediacodec-hevc",
"value":"1"
},
{
"category":1,
"name":"dns_cache_timeout",
"value":"600000000"
}
]
}
],
"ads":[
"mimg.0c1q0l.cn",
"www.googletagmanager.com",
"www.google-analytics.com",
"mc.usihnbcq.cn",
"mg.g1mm3d.cn",
"mscs.svaeuzh.cn",
"cnzz.hhttm.top",
"tp.vinuxhome.com",
"cnzz.mmstat.com",
"www.baihuillq.com",
"s23.cnzz.com",
"z3.cnzz.com",
"c.cnzz.com",
"stj.v1vo.top",
"z12.cnzz.com",
"img.mosflower.cn",
"tips.gamevvip.com",
"ehwe.yhdtns.com",
"xdn.cqqc3.com",
"www.jixunkyy.cn",
"sp.chemacid.cn",
"hm.baidu.com",
"s9.cnzz.com",
"z6.cnzz.com",
"um.cavuc.com",
"mav.mavuz.com",
"wofwk.aoidf3.com",
"z5.cnzz.com",
"xc.hubeijieshikj.cn",
"tj.tianwenhu.com",
"xg.gars57.cn",
"k.jinxiuzhilv.com",
"cdn.bootcss.com",
"ppl.xunzhuo123.com",
"xomk.jiangjunmh.top",
"img.xunzhuo123.com",
"z1.cnzz.com",
"s13.cnzz.com",
"xg.huataisangao.cn",
"z7.cnzz.com",
"xg.huataisangao.cn",
"z2.cnzz.com",
"s96.cnzz.com",
"q11.cnzz.com",
"thy.dacedsfa.cn",
"xg.whsbpw.cn",
"s19.cnzz.com",
"z8.cnzz.com",
"s4.cnzz.com",
"f5w.as12df.top",
"ae01.alicdn.com",
"www.92424.cn",
"k.wudejia.com",
"vivovip.mmszxc.top",
"qiu.xixiqiu.com",
"cdnjs.hnfenxun.com",
"cms.qdwght.com"
],
"wallpaper":"https://picsum.photos/1280/720/?blur=10"
}